Date,"Total Users","Full Members",Guests,"Daily Active Users","Daily Users Posting Messages","Weekly Active Users","Weekly Users Posting Messages","Messages in Public Channels","Messages in Private Channels","Messages in Shared Channels","Messages in DMs","% of Messages Posted in Public Channels","% of Messages Posted in Private Channels","% of Messages Posted in DMs","% of Messages Read in Public Channels","% of Messages Read in Private Channels","% of Messages Read in DMs","Files Uploaded","Messages from Users",Name,"Public Workspace Channels","Messages Posted","Messages from Apps"
2017-02-06,1,1,0,1,0,1,0,0,0,0,0,0,0,0,1,0,0,0,0,0,2,2,0
2017-02-07,5,5,0,5,3,5,3,12,0,0,1,0.9231,0,0.0769,0.7826,0,0.2174,2,13,0,5,55,2
2017-02-08,5,5,0,3,3,5,4,7,0,0,1,0.875,0,0.125,0.963,0,0.037,1,8,0,5,72,0
2017-02-09,5,5,0,3,3,5,4,4,0,0,8,0.3333,0,0.6667,0.5526,0,0.4474,2,12,0,5,91,0
2017-02-10,5,5,0,3,3,5,4,4,0,0,4,0.5,0,0.5,0.6087,0,0.3913,1,8,0,5,102,0
2017-02-11,5,5,0,0,0,5,4,0,0,0,0,0,0,0,0,0,0,0,0,0,5,102,0
2017-02-12,5,5,0,0,0,5,4,0,0,0,0,0,0,0,0,0,0,0,0,0,5,102,0
2017-02-13,5,5,0,0,0,5,4,0,0,0,0,0,0,0,0,0,0,0,0,0,5,102,0
2017-02-14,5,5,0,0,0,3,3,0,0,0,0,0,0,0,0,0,0,0,0,0,5,102,0
2017-02-15,5,5,0,3,3,4,4,12,0,0,0,1,0,0,1,0,0,2,12,0,5,116,0
2017-02-16,5,5,0,1,0,4,4,0,0,0,0,0,0,0,1,0,0,0,0,0,5,116,0
2017-02-17,5,5,0,0,0,3,3,0,0,0,0,0,0,0,0,0,0,0,0,0,5,116,0
2017-02-18,5,5,0,0,0,3,3,0,0,0,0,0,0,0,0,0,0,0,0,0,5,116,0
2017-02-19,5,5,0,0,0,3,3,0,0,0,0,0,0,0,0,0,0,0,0,0,5,116,0
2017-02-20,5,5,0,0,0,3,3,0,0,0,0,0,0,0,0,0,0,0,0,0,5,116,0
2017-02-21,6,6,0,1,1,3,3,0,0,0,1,0,0,1,0,0,1,0,1,0,5,120,0
2017-02-22,6,6,0,2,1,2,2,0,0,0,1,0,0,1,0.4,0,0.6,0,1,0,5,121,0
2017-02-23,6,6,0,3,2,3,3,6,0,0,0,1,0,0,1,0,0,0,6,0,5,127,0
2017-02-24,6,6,0,0,0,3,3,0,0,0,0,0,0,0,0,0,0,0,0,0,5,127,0
2017-02-25,6,6,0,0,0,3,3,0,0,0,0,0,0,0,0,0,0,0,0,0,5,127,0
2017-02-26,6,6,0,0,0,3,3,0,0,0,0,0,0,0,0,0,0,0,0,0,5,127,0
2017-02-27,6,6,0,3,2,3,3,4,0,0,0,1,0,0,0.95,0,0.05,1,4,0,5,133,0
2017-02-28,6,6,0,3,3,3,3,12,0,0,0,1,0,0,1,0,0,0,12,0,5,145,0
2017-03-01,6,6,0,2,2,3,3,5,0,0,0,1,0,0,1,0,0,0,5,0,5,150,0
2017-03-02,6,6,0,0,0,3,3,0,0,0,0,0,0,0,0,0,0,0,0,0,5,150,0
2017-03-03,6,6,0,2,1,3,3,1,0,0,0,1,0,0,1,0,0,0,1,0,5,151,0
2017-03-04,6,6,0,0,0,3,3,0,0,0,0,0,0,0,0,0,0,0,0,0,5,151,0
2017-03-05,6,6,0,1,0,3,3,0,0,0,0,0,0,0,1,0,0,0,0,0,5,151,0
2017-03-06,6,6,0,0,0,3,3,0,0,0,0,0,0,0,0,0,0,0,0,0,5,151,0
2017-03-07,6,6,0,1,1,2,2,1,0,0,0,1,0,0,1,0,0,0,1,0,5,152,0
2017-03-08,6,6,0,2,1,2,1,1,0,0,0,1,0,0,1,0,0,0,1,0,5,153,0
2017-03-09,8,8,0,6,1,7,1,0,0,0,0,0,0,0,0.7143,0,0.2857,1,0,0,5,163,0
2017-03-10,8,8,0,3,3,7,3,2,0,0,6,0.25,0,0.75,0.0769,0,0.9231,0,8,0,5,174,0
2017-03-11,8,8,0,2,2,7,4,0,0,0,2,0,0,1,0,0,1,0,2,0,5,176,0
2017-03-12,8,8,0,2,0,7,4,0,0,0,0,0,0,0,0.6667,0,0.3333,0,0,0,5,176,0
2017-03-13,11,11,0,6,5,10,6,0,0,0,21,0,0,1,0.2857,0,0.7143,1,21,0,5,219,0
2017-03-14,11,11,0,6,5,10,7,8,0,0,0,1,0,0,0.8929,0,0.1071,0,8,0,5,230,0
2017-03-15,12,12,0,7,6,11,7,9,0,0,4,0.6923,0,0.3077,0.8864,0,0.1136,0,13,0,5,249,0
2017-03-16,12,12,0,8,3,10,7,3,0,0,4,0.4286,0,0.5714,0.6333,0,0.3667,0,7,0,5,257,0
2017-03-17,12,12,0,8,1,10,7,2,0,0,1,0.6667,0,0.3333,0.8333,0,0.1667,0,3,0,5,260,0
2017-03-18,12,12,0,3,1,9,6,1,0,0,0,1,0,0,1,0,0,0,1,0,5,262,0
2017-03-19,12,12,0,5,4,9,6,5,0,0,0,1,0,0,1,0,0,0,5,0,5,267,0
2017-03-20,12,12,0,5,2,9,6,2,0,0,0,1,0,0,0.9167,0,0.0833,1,2,0,5,271,0
2017-03-21,12,12,0,8,7,9,8,14,0,0,3,0.8235,0,0.1765,0.9296,0,0.0704,2,17,0,7,302,0
2017-03-22,12,12,0,8,5,9,8,2,0,0,14,0.125,0,0.875,0.4889,0,0.5111,1,16,0,7,322,0
2017-03-23,13,13,0,9,5,10,8,14,0,0,13,0.5185,0,0.4815,0.6981,0,0.3019,2,27,0,7,357,0
2017-03-24,13,13,0,5,3,9,8,3,0,0,3,0.5,0,0.5,0.6667,0,0.3333,1,6,0,7,365,0
2017-03-25,13,13,0,5,2,10,9,3,0,0,0,1,0,0,0.8889,0,0.1111,0,3,0,7,368,0
2017-03-26,13,13,0,3,1,10,10,1,0,0,0,1,0,0,1,0,0,0,1,0,7,369,0
2017-03-27,14,14,0,10,5,11,10,18,0,0,1,0.9474,0,0.0526,0.9538,0,0.0462,8,19,0,8,406,0
2017-03-28,14,14,0,10,5,12,10,32,0,0,1,0.9697,0,0.0303,0.9725,0,0.0275,4,33,0,8,447,0
2017-03-29,14,14,0,10,4,12,11,26,0,0,12,0.6842,0,0.3158,0.7333,0,0.2667,0,38,0,8,485,0
2017-03-30,14,14,0,9,4,12,11,18,0,0,0,1,0,0,1,0,0,3,18,0,8,509,0
2017-03-31,15,15,0,11,5,13,10,9,0,0,0,1,0,0,1,0,0,0,9,0,8,520,0
2017-04-01,15,15,0,7,1,13,10,1,0,0,0,1,0,0,1,0,0,0,1,0,8,522,0
2017-04-02,15,15,0,0,0,13,10,0,0,0,0,0,0,0,0,0,0,0,0,0,8,522,0
2017-04-03,15,15,0,10,3,13,9,3,0,0,6,0.3333,0,0.6667,0.7561,0,0.2439,0,9,0,8,536,0
2017-04-04,15,15,0,4,2,13,6,6,0,0,0,1,0,0,1,0,0,0,6,0,8,542,0
2017-04-05,15,15,0,6,1,13,5,0,0,0,0,0,0,0,1,0,0,2,0,0,8,544,0
2017-04-06,16,16,0,13,6,14,7,12,0,0,6,0.6667,0,0.3333,0.7719,0,0.2281,1,18,0,8,567,0
2017-04-07,16,16,0,12,4,14,8,9,0,0,2,0.8182,0,0.1818,0.9677,0,0.0323,1,11,0,8,581,0
2017-04-08,16,16,0,5,3,14,10,0,0,0,5,0,0,1,0.4286,0,0.5714,0,5,0,8,586,0
2017-04-09,16,16,0,5,1,14,10,4,0,0,1,0.8,0,0.2,0.6923,0,0.3077,0,5,0,8,591,0
2017-04-10,16,16,0,10,4,14,10,4,0,0,4,0.5,0,0.5,0.8293,0,0.1707,0,8,0,8,602,1
2017-04-11,16,16,0,7,5,14,11,2,0,0,8,0.2,0,0.8,0.4375,0,0.5625,0,10,0,8,611,0
2017-04-12,16,16,0,14,6,14,11,7,0,0,5,0.5833,0,0.4167,0.7045,0,0.2955,5,12,0,8,629,0
2017-04-13,16,16,0,11,3,14,8,2,0,0,15,0.1176,0,0.8824,0.44,0,0.56,0,17,0,8,647,0
2017-04-14,16,16,0,8,4,14,7,4,0,0,10,0.2857,0,0.7143,0.5714,0,0.4286,0,14,0,8,662,0
2017-04-15,16,16,0,4,0,14,7,0,0,0,0,0,0,0,1,0,0,0,0,0,8,662,0
2017-04-16,16,16,0,9,4,14,8,8,0,0,0,1,0,0,0.9583,0,0.0417,0,8,0,8,671,0
2017-04-17,16,16,0,12,7,14,10,16,0,0,1,0.9412,0,0.0588,0.9516,0,0.0484,1,17,0,9,695,0
2017-04-18,16,16,0,11,7,14,11,15,0,0,11,0.5769,0,0.4231,0.7606,0,0.2394,0,26,0,9,722,0
2017-04-19,16,16,0,11,5,14,11,7,0,0,0,1,0,0,1,0,0,3,7,0,9,733,0
2017-04-20,16,16,0,8,7,14,11,16,0,0,4,0.8,0,0.2,0.8511,0,0.1489,1,20,0,9,753,0
2017-04-21,16,16,0,14,5,15,13,12,0,0,0,1,0,0,1,0,0,4,12,0,9,772,0
2017-04-22,16,16,0,4,2,15,13,0,0,0,48,0,0,1,0.0674,0,0.9326,0,48,0,9,820,0
2017-04-23,16,16,0,7,3,15,13,5,0,0,0,1,0,0,0.9375,0,0.0625,0,5,0,9,825,0
2017-04-24,16,16,0,15,4,15,13,15,0,0,2,0.8824,0,0.1176,1,0,0,0,17,0,9,844,0
2017-04-25,16,16,0,10,6,15,13,3,0,0,8,0.2727,0,0.7273,0.619,0,0.381,3,11,0,9,859,0
2017-04-26,16,16,0,13,7,15,14,14,0,0,11,0.56,0,0.44,0.7407,0,0.2593,4,25,0,9,892,0
2017-04-27,16,16,0,14,4,15,14,9,0,0,0,1,0,0,0.9828,0,0.0172,0,9,0,9,903,0
2017-04-28,16,16,0,15,7,15,11,17,0,0,1,0.9444,0,0.0556,0.9474,0,0.0526,3,18,0,9,927,0
2017-04-29,16,16,0,8,2,15,12,3,0,0,0,1,0,0,0.95,0,0.05,0,3,0,9,930,0
2017-04-30,16,16,0,7,1,15,12,0,0,0,0,0,0,0,1,0,0,0,0,0,9,931,0
2017-05-01,16,16,0,13,6,15,13,18,0,0,0,1,0,0,0.9877,0,0.0123,0,18,0,9,952,0
2017-05-02,16,16,0,10,3,15,13,4,0,0,0,1,0,0,1,0,0,3,4,0,9,959,0
2017-05-03,16,16,0,3,0,15,13,0,0,0,0,0,0,0,0.8333,0,0.1667,0,0,0,9,959,0
2017-05-04,16,16,0,0,0,15,12,0,0,0,0,0,0,0,0,0,0,0,0,0,9,959,0
2017-05-05,16,16,0,0,0,14,7,0,0,0,0,0,0,0,0,0,0,0,0,0,9,959,0
2017-05-06,16,16,0,0,0,14,7,0,0,0,0,0,0,0,0,0,0,0,0,0,9,959,0
2017-05-07,16,16,0,0,0,14,7,0,0,0,0,0,0,0,0,0,0,0,0,0,9,959,0
2017-05-08,16,16,0,14,7,14,8,15,0,0,4,0.7895,0,0.2105,0.9196,0,0.0804,7,19,0,9,986,0
2017-05-09,16,16,0,13,6,14,8,14,0,0,0,1,0,0,1,0,0,0,14,0,9,1003,0
2017-05-10,16,16,0,12,4,14,10,10,0,0,9,0.5263,0,0.4737,0.8525,0,0.1475,1,19,0,10,1038,0
2017-05-11,16,16,0,11,7,14,11,1,0,0,24,0.04,0,0.96,0.3636,0,0.6364,2,25,0,10,1065,0
2017-05-12,16,16,0,13,7,14,11,24,0,0,2,0.9231,0,0.0769,0.9538,0,0.0462,0,26,0,10,1093,0
2017-05-13,16,16,0,2,0,14,11,0,0,0,0,0,0,0,0.5,0,0.5,0,0,0,10,1093,0
2017-05-14,16,16,0,2,0,14,11,0,0,0,0,0,0,0,1,0,0,0,0,0,10,1093,0
2017-05-15,16,16,0,14,7,14,12,28,0,0,5,0.8485,0,0.1515,0.8867,0,0.1133,6,33,0,10,1135,0
2017-05-16,16,16,0,9,0,14,12,0,0,0,0,0,0,0,0.8824,0,0.1176,0,0,0,10,1136,0
2017-05-17,16,16,0,10,5,14,12,27,0,0,0,1,0,0,0.9857,0,0.0143,1,27,0,10,1165,0
2017-05-18,16,16,0,13,5,14,11,4,0,0,0,1,0,0,1,0,0,2,4,0,10,1177,0
2017-05-19,16,16,0,11,6,14,10,16,0,0,7,0.6957,0,0.3043,0.7778,0,0.2222,1,23,0,10,1201,0
2017-05-20,16,16,0,3,1,14,10,0,0,0,1,0,0,1,0.6,0,0.4,0,1,0,10,1202,0
2017-05-21,16,16,0,2,0,14,10,0,0,0,0,0,0,0,1,0,0,0,0,0,10,1202,0
2017-05-22,16,16,0,13,7,14,11,10,0,0,18,0.3571,0,0.6429,0.5679,0,0.4321,0,28,0,10,1232,0
2017-05-23,16,16,0,9,8,14,12,5,0,0,26,0.1613,0,0.8387,0.6048,0,0.3952,7,31,0,10,1278,0
2017-05-24,16,16,0,11,7,14,12,5,0,0,11,0.3125,0,0.6875,0.7143,0,0.2857,3,16,0,10,1296,0
2017-05-25,17,17,0,13,8,14,13,18,0,0,5,0.7826,0,0.2174,0.8605,0,0.1395,0,23,0,10,1323,0
2017-05-26,17,17,0,12,6,14,12,20,0,0,11,0.6452,0,0.3548,0.7442,0,0.2558,3,31,0,10,1363,1
2017-05-27,17,17,0,1,0,14,12,0,0,0,0,0,0,0,1,0,0,0,0,0,10,1363,0
2017-05-28,17,17,0,10,2,15,12,3,0,0,0,1,0,0,1,0,0,0,3,0,10,1366,0
2017-05-29,17,17,0,14,7,15,12,8,0,0,19,0.2963,0,0.7037,0.6768,0,0.3232,0,27,0,10,1399,0
2017-05-30,17,17,0,4,0,15,12,0,0,0,0,0,0,0,0.4,0,0.6,0,0,0,10,1402,0
2017-05-31,18,18,0,12,5,16,12,2,0,0,24,0.0769,0,0.9231,0.3836,0,0.6164,0,26,0,10,1435,0
2017-06-01,18,18,0,11,3,16,10,4,0,0,35,0.1026,0,0.8974,0.3667,0,0.6333,0,39,0,10,1475,0
2017-06-02,18,18,0,10,3,16,9,11,0,0,1,0.9167,0,0.0833,0.9355,0,0.0645,0,12,0,10,1490,0
2017-06-03,18,18,0,1,0,16,9,0,0,0,0,0,0,0,1,0,0,0,0,0,10,1490,0
2017-06-04,18,18,0,4,1,16,9,1,0,0,0,1,0,0,0.8571,0,0.1429,0,1,0,10,1491,0
2017-06-05,18,18,0,13,5,16,8,5,0,0,5,0.5,0,0.5,0.7419,0,0.2581,2,10,0,10,1505,0
2017-06-06,18,18,0,9,5,15,9,8,0,0,2,0.8,0,0.2,0.7586,0,0.2414,2,10,0,10,1519,0
2017-06-07,18,18,0,11,9,15,10,33,0,0,17,0.66,0,0.34,0.7677,0,0.2323,0,50,0,10,1570,0
2017-06-08,18,18,0,9,5,15,12,10,0,0,8,0.5556,0,0.4444,0.7273,0,0.2727,0,18,0,10,1588,0
2017-06-09,18,18,0,5,0,15,12,0,0,0,0,0,0,0,1,0,0,0,0,0,10,1588,0
2017-06-10,18,18,0,0,0,15,12,0,0,0,0,0,0,0,0,0,0,0,0,0,10,1588,0
2017-06-11,18,18,0,3,1,15,12,1,0,0,0,1,0,0,1,0,0,0,1,0,10,1590,0
2017-06-12,18,18,0,14,7,16,12,23,0,0,1,0.9583,0,0.0417,0.9355,0,0.0645,0,24,0,10,1619,1
2017-06-13,18,18,0,13,7,16,12,14,0,0,7,0.6667,0,0.3333,0.8625,0,0.1375,2,21,0,10,1642,0
2017-06-14,18,18,0,11,5,15,11,6,0,0,0,1,0,0,1,0,0,1,6,0,10,1654,0
2017-06-15,18,18,0,12,6,15,11,12,0,0,0,1,0,0,1,0,0,1,12,0,10,1667,0
2017-06-16,18,18,0,13,9,15,12,23,0,0,2,0.92,0,0.08,0.9314,0,0.0686,0,25,0,10,1696,0
2017-06-17,18,18,0,6,2,15,12,4,0,0,0,1,0,0,0.9,0,0.1,0,4,0,10,1700,0
2017-06-18,18,18,0,7,1,15,12,1,0,0,0,1,0,0,0.9231,0,0.0769,0,1,0,10,1701,0
2017-06-19,18,18,0,14,7,16,13,21,0,0,0,1,0,0,0.9579,0,0.0421,0,21,0,11,1744,0
2017-06-20,18,18,0,10,5,16,13,12,0,0,0,1,0,0,0.9692,0,0.0308,2,12,0,11,1761,0
2017-06-21,18,18,0,11,4,16,12,4,0,0,0,1,0,0,0.9767,0,0.0233,1,4,0,11,1768,0
2017-06-22,18,18,0,13,4,16,12,7,0,0,8,0.4667,0,0.5333,0.8814,0,0.1186,3,15,0,11,1787,0
2017-06-23,18,18,0,13,4,16,11,13,0,0,0,1,0,0,1,0,0,0,13,0,11,1800,0
2017-06-24,18,18,0,8,3,16,11,6,0,0,0,1,0,0,1,0,0,4,6,0,11,1810,0
2017-06-25,18,18,0,11,2,16,11,8,0,0,0,1,0,0,1,0,0,1,8,0,11,1819,0
2017-06-26,18,18,0,15,9,16,13,48,0,0,0,1,0,0,0.9487,0,0.0513,1,48,0,11,1885,0
2017-06-27,18,18,0,11,4,16,13,4,0,0,2,0.6667,0,0.3333,0.8936,0,0.1064,0,6,0,11,1896,0
2017-06-28,18,18,0,13,5,16,12,16,0,0,5,0.7619,0,0.2381,0.8533,0,0.1467,0,21,0,11,1920,0
2017-06-29,18,18,0,12,7,16,12,27,0,0,19,0.587,0,0.413,0.688,0,0.312,7,46,0,11,1977,0
2017-06-30,18,18,0,11,3,16,12,17,0,0,0,1,0,0,0.9508,0,0.0492,2,17,0,11,1997,0
2017-07-01,18,18,0,2,0,16,12,0,0,0,0,0,0,0,1,0,0,0,0,0,11,1997,0
2017-07-02,18,18,0,1,0,16,12,0,0,0,0,0,0,0,1,0,0,0,0,0,11,1997,0
2017-07-03,18,18,0,10,3,15,10,3,0,0,1,0.75,0,0.25,0.8,0,0.2,0,4,0,11,2005,0
2017-07-04,18,18,0,11,4,15,11,2,0,0,4,0.3333,0,0.6667,0.6538,0,0.3462,0,6,0,11,2011,0
2017-07-05,18,18,0,8,5,14,11,7,0,0,9,0.4375,0,0.5625,0.5429,0,0.4571,0,16,0,11,2028,0
2017-07-06,18,18,0,9,3,14,8,4,0,0,3,0.5714,0,0.4286,0.6957,0,0.3043,0,7,0,11,2036,0
2017-07-07,18,18,0,9,5,14,8,10,0,0,2,0.8333,0,0.1667,0.8293,0,0.1707,0,12,0,11,2050,0
2017-07-08,18,18,0,5,1,14,8,2,0,0,0,1,0,0,1,0,0,0,2,0,11,2052,0
2017-07-09,18,18,0,2,1,14,8,1,0,0,0,1,0,0,1,0,0,0,1,0,11,2053,0
2017-07-10,19,19,0,14,7,16,9,12,0,0,27,0.3077,0,0.6923,0.6094,0,0.3906,0,39,0,11,2100,0
2017-07-11,19,19,0,8,8,16,10,4,0,0,11,0.2667,0,0.7333,0.5273,0,0.4727,6,15,0,11,2124,0
2017-07-12,19,19,0,11,6,16,10,8,0,0,12,0.4,0,0.6,0.5806,0,0.4194,1,20,0,11,2149,0
2017-07-13,19,19,0,9,5,16,10,6,0,0,8,0.4286,0,0.5714,0.55,0,0.45,0,14,0,11,2164,0
2017-07-14,19,19,0,8,4,15,10,14,0,0,2,0.875,0,0.125,0.9024,0,0.0976,0,16,0,11,2181,0
2017-07-15,19,19,0,1,0,15,10,0,0,0,0,0,0,0,1,0,0,0,0,0,11,2181,0
2017-07-16,19,19,0,1,0,15,10,0,0,0,0,0,0,0,1,0,0,0,0,0,11,2181,0
2017-07-17,19,19,0,6,2,13,10,5,0,0,2,0.7143,0,0.2857,0.8148,0,0.1852,0,7,0,11,2192,0
2017-07-18,19,19,0,9,4,14,10,4,0,0,4,0.5,0,0.5,0.8333,0,0.1667,1,8,0,11,2203,0
2017-07-19,19,19,0,12,6,14,11,11,0,0,7,0.6111,0,0.3889,0.8,0,0.2,3,18,0,11,2229,0
2017-07-20,19,19,0,13,10,14,12,39,0,0,47,0.4535,0,0.5465,0.5659,0.0049,0.4293,1,86,0,11,2322,0
2017-07-21,19,19,0,16,7,16,11,12,0,0,12,0.5,0,0.5,0.7339,0.0092,0.2569,0,24,0,11,2349,0
2017-07-22,19,19,0,6,3,16,12,1,0,0,5,0.1667,0,0.8333,0.5294,0,0.4706,2,6,0,11,2357,0
2017-07-23,19,19,0,11,5,16,12,5,0,0,14,0.2632,0,0.7368,0.3944,0,0.6056,2,19,0,11,2378,0
2017-07-24,19,19,0,13,8,16,12,25,0,0,24,0.5102,0,0.4898,0.6601,0,0.3399,3,49,0,11,2443,0
2017-07-25,19,19,0,12,5,16,13,5,0,0,5,0.5,0,0.5,0.8077,0,0.1923,1,10,0,11,2458,0
2017-07-26,19,19,0,12,8,16,13,4,0,0,53,0.0702,0,0.9298,0.2576,0,0.7424,5,57,0,11,2521,0
2017-07-27,19,19,0,16,7,16,12,15,0,0,11,0.5769,0,0.4231,0.7606,0,0.2394,3,26,0,11,2552,0
2017-07-28,19,19,0,15,8,16,13,3,0,0,34,0.0811,0,0.9189,0.3945,0,0.6055,0,37,0,11,2596,0
2017-07-29,19,19,0,4,2,16,13,0,0,0,2,0,0,1,0.4706,0,0.5294,2,2,0,11,2600,0
2017-07-30,19,19,0,0,0,16,13,0,0,0,0,0,0,0,0,0,0,0,0,0,11,2600,0
2017-07-31,19,19,0,10,8,16,13,15,0,0,17,0.4688,0,0.5313,0.7158,0,0.2842,1,32,0,11,2636,0
2017-08-01,19,19,0,14,9,16,13,12,0,0,42,0.2222,0,0.7778,0.4497,0,0.5503,2,54,0,11,2699,0
2017-08-02,19,19,0,10,5,16,13,22,0,0,24,0.4783,0,0.5217,0.61,0,0.39,2,46,0,11,2750,0
2017-08-03,19,19,0,10,9,16,14,26,0,0,25,0.5098,0,0.4902,0.5377,0,0.4623,2,51,0,11,2803,0
2017-08-04,20,20,0,13,5,16,13,12,0,0,18,0.4,0,0.6,0.5806,0,0.4194,2,30,0,11,2840,0
2017-08-05,20,20,0,10,5,16,14,8,0,0,2,0.8,0,0.2,0.8519,0,0.1481,0,10,0,11,2850,0
2017-08-06,20,20,0,6,2,16,14,0,0,0,4,0,0,1,0.4375,0,0.5625,0,4,0,11,2854,0
2017-08-07,20,20,0,12,9,16,14,17,0,0,138,0.1097,0,0.8903,0.241,0,0.759,2,155,0,11,3023,0
2017-08-08,20,20,0,14,6,16,13,5,0,0,6,0.4545,0,0.5455,0.6866,0,0.3134,0,11,0,11,3040,0
2017-08-09,20,20,0,10,5,17,14,5,0,0,11,0.3125,0,0.6875,0.6122,0,0.3878,4,16,0,11,3061,0
2017-08-10,20,20,0,12,5,17,12,17,0,0,10,0.6296,0,0.3704,0.7294,0,0.2706,0,27,0,11,3091,0
2017-08-11,20,20,0,7,2,16,11,1,0,0,1,0.5,0,0.5,0.85,0,0.15,1,2,0,11,3094,0
2017-08-12,20,20,0,4,0,16,11,0,0,0,0,0,0,0,1,0,0,0,0,0,11,3094,0
2017-08-13,20,20,0,1,0,16,11,0,0,0,0,0,0,0,1,0,0,0,0,0,11,3094,0
2017-08-14,20,20,0,2,0,16,9,0,0,0,0,0,0,0,1,0,0,0,0,0,11,3095,0
2017-08-15,20,20,0,0,0,15,7,0,0,0,0,0,0,0,0,0,0,0,0,0,11,3095,0
2017-08-16,20,20,0,1,0,13,5,0,0,0,0,0,0,0,0,0,1,0,0,0,11,3095,0
2017-08-17,20,20,0,0,0,11,2,0,0,0,0,0,0,0,0,0,0,0,0,0,11,3095,0
2017-08-18,20,20,0,0,0,8,0,0,0,0,0,0,0,0,0,0,0,0,0,0,11,3095,0
2017-08-19,20,20,0,0,0,4,0,0,0,0,0,0,0,0,0,0,0,0,0,0,11,3095,0
2017-08-20,20,20,0,0,0,3,0,0,0,0,0,0,0,0,0,0,0,0,0,0,11,3095,0
2017-08-21,20,20,0,12,7,12,7,12,0,0,4,0.75,0,0.25,0.8824,0,0.1176,7,16,0,11,3120,0
2017-08-22,20,20,0,11,7,13,9,9,0,0,5,0.6429,0,0.3571,0.8676,0,0.1324,0,14,0,11,3135,0
2017-08-23,20,20,0,8,5,14,11,5,0,0,11,0.3125,0,0.6875,0.5313,0,0.4688,0,16,0,11,3151,0
2017-08-24,20,20,0,7,5,14,11,2,0,0,8,0.2,0,0.8,0.4483,0,0.5517,3,10,0,11,3164,0
2017-08-25,20,20,0,12,7,15,11,5,0,0,14,0.2632,0,0.7368,0.5472,0,0.4528,0,19,0,11,3185,0
2017-08-26,20,20,0,11,5,15,11,7,0,0,3,0.7,0,0.3,0.8824,0,0.1176,2,10,0,11,3198,0
2017-08-27,20,20,0,5,4,15,11,13,0,0,0,1,0,0,1,0,0,0,13,0,11,3211,0
2017-08-28,20,20,0,11,7,15,12,11,0,0,21,0.3438,0,0.6563,0.6667,0,0.3333,4,32,0,11,3260,0
2017-08-29,20,20,0,10,4,15,11,2,0,0,26,0.0714,0,0.9286,0.274,0,0.726,1,28,0,11,3299,0
2017-08-30,20,20,0,10,4,14,11,7,0,0,37,0.1591,0,0.8409,0.3491,0.0094,0.6415,2,44,0,11,3353,0
2017-08-31,20,20,0,11,5,15,11,0,1,0,13,0,0.0714,0.9286,0.2727,0.0682,0.6591,1,14,0,11,3376,0
2017-09-01,20,20,0,6,3,15,10,3,4,0,1,0.375,0.5,0.125,0.4583,0.25,0.2917,1,8,0,11,3388,0
2017-09-02,20,20,0,3,0,13,9,0,0,0,0,0,0,0,0.25,0.25,0.5,0,0,0,11,3388,0
2017-09-03,20,20,0,1,0,13,9,0,0,0,0,0,0,0,1,0,0,0,0,0,11,3388,0
2017-09-04,20,20,0,8,5,13,9,21,7,0,0,0.75,0.25,0,0.8143,0.1571,0.0286,2,28,0,11,3421,0
2017-09-05,20,20,0,10,5,14,8,14,0,0,13,0.5185,0,0.4815,0.6667,0.0323,0.3011,2,27,0,11,3455,0
2017-09-06,20,20,0,9,6,14,10,15,0,0,1,0.9375,0,0.0625,0.8372,0.0698,0.093,6,16,0,11,3485,0
2017-09-07,20,20,0,12,7,15,11,9,1,0,4,0.6429,0.0714,0.2857,0.8406,0.0435,0.1159,1,14,0,11,3504,0
2017-09-08,20,20,0,7,2,14,10,0,0,0,3,0,0,1,0.5455,0.0455,0.4091,1,3,0,11,3508,0
2017-09-09,20,20,0,7,3,14,10,3,0,0,0,1,0,0,0.9375,0,0.0625,2,3,0,11,3515,0
2017-09-10,20,20,0,7,2,14,10,0,0,0,2,0,0,1,0.8,0,0.2,1,2,0,11,3523,0
2017-09-11,20,20,0,7,3,15,11,7,1,0,38,0.1522,0.0217,0.8261,0.3028,0.0183,0.6789,0,46,0,11,3572,0
2017-09-12,20,20,0,12,6,15,11,25,2,0,51,0.3205,0.0256,0.6538,0.3986,0.0405,0.5608,0,78,0,11,3658,0
2017-09-13,20,20,0,12,5,14,10,9,0,0,9,0.5,0,0.5,0.642,0.037,0.321,1,18,0,11,3681,0
2017-09-14,20,20,0,13,7,16,10,6,0,0,25,0.1935,0,0.8065,0.5303,0.0152,0.4545,1,31,0,11,3716,0
2017-09-15,20,20,0,9,4,15,10,0,0,0,9,0,0,1,0.275,0.05,0.675,2,9,0,11,3734,0
2017-09-16,20,20,0,4,3,15,10,3,0,0,10,0.2308,0,0.7692,0.3125,0,0.6875,0,13,0,11,3748,0
2017-09-17,20,20,0,1,0,15,10,0,0,0,0,0,0,0,1,0,0,0,0,0,11,3748,0
2017-09-18,20,20,0,6,3,15,10,1,2,0,2,0.2,0.4,0.4,0.3158,0.2105,0.4737,0,5,0,11,3756,0
2017-09-19,20,20,0,8,4,15,9,3,0,0,8,0.2727,0,0.7273,0.5476,0,0.4524,0,11,0,11,3773,0
2017-09-20,20,20,0,6,3,15,9,0,0,0,6,0,0,1,0.25,0,0.75,1,6,0,11,3780,0
2017-09-21,20,20,0,8,2,14,8,2,0,0,2,0.5,0,0.5,0.7857,0,0.2143,0,4,0,11,3784,0
2017-09-22,20,20,0,4,4,12,8,0,0,0,4,0,0,1,0.1176,0.1765,0.7059,1,4,0,11,3789,0
2017-09-23,20,20,0,1,0,12,8,0,0,0,0,0,0,0,1,0,0,0,0,0,11,3789,0
2017-09-24,20,20,0,3,1,12,8,0,0,0,0,0,0,0,0.75,0,0.25,1,0,0,11,3790,0
2017-09-25,20,20,0,6,4,11,9,1,0,0,5,0.1667,0,0.8333,0.15,0,0.85,1,6,0,11,3800,0
2017-09-26,20,20,0,9,5,13,9,3,0,0,24,0.1111,0,0.8889,0.3867,0,0.6133,1,27,0,11,3831,0
2017-09-27,20,20,0,14,6,16,9,7,0,0,9,0.4375,0,0.5625,0.6634,0,0.3366,9,16,0,11,3859,0
2017-09-28,20,20,0,10,5,16,9,13,0,0,0,1,0,0,0.6909,0,0.3091,24,13,0,11,3895,0
2017-09-29,20,20,0,13,8,16,10,19,0,0,8,0.7037,0,0.2963,0.7468,0,0.2532,7,27,0,11,3928,0
2017-09-30,20,20,0,4,3,16,11,11,0,0,0,1,0,0,0.9474,0,0.0526,0,11,0,11,3943,0
2017-10-01,21,21,0,4,1,17,12,0,0,0,0,0,0,0,0.8824,0,0.1176,0,0,0,11,3956,0
2017-10-02,21,21,0,12,9,17,13,0,0,0,27,0,0,1,0.2967,0,0.7033,13,27,0,11,3996,0
2017-10-03,21,21,0,12,7,17,13,3,0,0,12,0.2,0,0.8,0.3906,0,0.6094,18,15,0,11,4029,0
2017-10-04,21,21,0,13,5,16,13,1,0,0,1,0.5,0,0.5,0.7931,0,0.2069,3,2,0,11,4035,0
2017-10-05,21,21,0,7,7,16,13,0,0,0,16,0,0,1,0.0244,0.0976,0.878,8,16,0,11,4062,0
2017-10-06,21,21,0,12,5,15,11,6,0,0,8,0.4286,0,0.5714,0.5102,0.0204,0.4694,3,14,0,11,4084,0
2017-10-07,21,21,0,4,4,15,11,0,0,0,6,0,0,1,0.2778,0,0.7222,1,6,0,11,4091,0
2017-10-08,21,21,0,10,4,15,11,0,0,0,3,0,0,1,0.4828,0,0.5172,3,3,0,11,4097,0
2017-10-09,21,21,0,13,8,15,12,0,2,0,28,0,0.0667,0.9333,0.26,0.06,0.68,6,30,0,11,4149,0
2017-10-10,21,21,0,12,4,16,12,4,0,0,11,0.2667,0,0.7333,0.5,0.0536,0.4464,4,15,0,11,4168,0
2017-10-11,21,21,0,11,9,16,13,8,1,0,3,0.6667,0.0833,0.25,0.7073,0.1382,0.1545,35,12,0,11,4218,0
2017-10-12,21,21,0,11,10,16,12,6,1,0,20,0.2222,0.037,0.7407,0.3864,0.0909,0.5227,7,27,0,11,4253,0
2017-10-13,21,21,0,11,7,15,12,7,0,0,13,0.35,0,0.65,0.3611,0.0278,0.6111,9,20,0,11,4283,0
2017-10-14,21,21,0,5,1,15,12,0,0,0,0,0,0,0,0.3333,0.6667,0,1,0,0,11,4284,0
2017-10-15,21,21,0,6,1,15,12,0,0,0,0,0,0,0,0.3,0.7,0,0,0,0,11,4285,0
2017-10-16,21,21,0,9,6,14,11,9,1,0,0,0.9,0.1,0,0.5778,0.2889,0.1333,2,10,0,11,4301,0
2017-10-17,21,21,0,10,7,14,11,17,0,0,17,0.5,0,0.5,0.4198,0.0494,0.5309,6,34,0,11,4343,0
2017-10-18,21,21,0,16,7,17,11,13,0,0,5,0.7222,0,0.2778,0.7292,0.0313,0.2396,13,18,0,11,4377,0
2017-10-19,21,21,0,7,7,17,10,8,1,0,44,0.1509,0.0189,0.8302,0.2313,0.0448,0.7239,15,53,0,11,4453,0
2017-10-20,21,21,0,9,8,17,12,5,0,0,19,0.2083,0,0.7917,0.4054,0.0405,0.5541,7,24,0,11,4484,0
2017-10-21,21,21,0,7,4,17,12,0,2,0,18,0,0.1,0.9,0.1538,0.1795,0.6667,1,20,0,11,4505,0
2017-10-22,21,21,0,7,4,17,12,9,0,0,2,0.8182,0,0.1818,0.625,0.025,0.35,5,11,0,11,4521,0
2017-10-23,21,21,0,16,9,18,15,26,0,0,55,0.321,0,0.679,0.4354,0.0191,0.5455,9,81,0,11,4616,0
2017-10-24,21,21,0,14,7,18,15,2,5,0,38,0.0444,0.1111,0.8444,0.2992,0.1102,0.5906,3,45,0,11,4669,0
2017-10-25,22,22,0,12,10,19,15,16,10,0,66,0.1739,0.1087,0.7174,0.2252,0.1622,0.6126,6,92,0,11,4773,0
2017-10-26,22,22,0,11,10,19,15,0,8,0,31,0,0.2051,0.7949,0.1429,0.2959,0.5612,3,39,0,11,4819,0
2017-10-27,22,22,0,9,7,19,15,1,1,0,17,0.0526,0.0526,0.8947,0.1795,0.1026,0.7179,1,19,0,11,4839,0
2017-10-28,22,22,0,1,0,19,15,0,0,0,0,0,0,0,0,0,1,0,0,0,11,4839,0
2017-10-29,22,22,0,2,1,19,15,0,0,0,1,0,0,1,0,0.3333,0.6667,0,1,0,11,4840,0
2017-10-30,22,22,0,12,7,18,13,6,10,0,25,0.1463,0.2439,0.6098,0.2743,0.2478,0.4779,0,41,0,11,4888,0
2017-10-31,22,22,0,14,9,16,13,5,4,0,31,0.125,0.1,0.775,0.2881,0.1186,0.5932,4,40,0,11,4942,0
2017-11-01,23,23,0,13,8,17,13,7,11,0,26,0.1591,0.25,0.5909,0.2158,0.2806,0.5036,11,44,0,12,5012,0
2017-11-02,23,23,0,11,10,18,14,11,0,0,20,0.3548,0,0.6452,0.4699,0,0.5301,5,31,0,12,5050,0
2017-11-03,23,23,0,4,0,18,13,0,0,0,0,0,0,0,1,0,0,0,0,0,12,5050,0
2017-11-04,23,23,0,1,1,18,14,0,0,0,1,0,0,1,0,0.5,0.5,0,1,0,12,5051,0
2017-11-05,23,23,0,4,1,18,14,1,0,0,1,0.5,0,0.5,0.2,0,0.8,0,2,0,12,5053,0
2017-11-06,23,23,0,17,11,19,17,29,9,0,117,0.1871,0.0581,0.7548,0.3236,0.0904,0.586,12,155,0,12,5228,0
2017-11-07,23,23,0,14,6,18,16,4,0,0,4,0.5,0,0.5,0.5522,0.194,0.2537,5,8,0,12,5248,0
2017-11-08,23,23,0,10,5,18,16,2,1,0,9,0.1667,0.0833,0.75,0.7115,0.0192,0.2692,4,12,0,12,5266,0
2017-11-09,23,23,0,13,6,18,16,7,0,0,10,0.4118,0,0.5882,0.6377,0.0145,0.3478,7,17,0,13,5296,0
2017-11-10,23,23,0,16,9,19,17,4,1,0,12,0.2353,0.0588,0.7059,0.5114,0.0909,0.3977,12,17,0,13,5332,0
2017-11-11,23,23,0,5,2,19,16,0,0,0,10,0,0,1,0.2105,0,0.7895,1,10,0,13,5343,0
2017-11-12,23,23,0,6,3,19,17,1,1,0,1,0.3333,0.3333,0.3333,0.2857,0.4286,0.2857,0,3,0,13,5346,0
2017-11-13,23,23,0,15,12,17,14,4,2,0,52,0.069,0.0345,0.8966,0.1,0.0417,0.8583,3,58,0,13,5411,0
2017-11-14,23,23,0,12,10,17,15,4,1,0,40,0.0889,0.0222,0.8889,0.3023,0.1085,0.5891,13,45,0,13,5472,0
2017-11-15,23,23,0,18,11,18,15,16,2,0,51,0.2319,0.029,0.7391,0.4977,0.0563,0.446,14,69,0,14,5571,0
2017-11-16,23,23,0,10,8,19,16,2,0,0,14,0.125,0,0.875,0.4074,0.0185,0.5741,6,16,0,14,5593,0
2017-11-17,23,23,0,13,6,19,16,8,4,0,6,0.4444,0.2222,0.3333,0.5424,0.2712,0.1864,1,18,0,14,5613,0
2017-11-18,23,23,0,12,2,19,16,2,1,0,0,0.6667,0.3333,0,0.75,0.25,0,0,3,0,14,5616,0
2017-11-19,23,23,0,7,3,19,16,0,3,0,0,0,1,0,0.3636,0.6364,0,0,3,0,14,5619,0
2017-11-20,24,24,0,17,9,20,15,19,2,0,26,0.4043,0.0426,0.5532,0.6011,0.1038,0.2951,6,47,0,14,5693,0
2017-11-21,24,24,0,16,12,20,15,26,0,0,24,0.52,0,0.48,0.7461,0.0052,0.2487,4,50,0,14,5755,0
2017-11-22,24,24,0,9,4,20,15,2,0,0,13,0.1333,0,0.8667,0.5854,0.0244,0.3902,0,15,0,14,5772,0
2017-11-23,24,24,0,3,2,20,13,2,0,0,0,1,0,0,1,0,0,0,2,0,14,5774,0
2017-11-24,24,24,0,17,5,20,13,2,0,0,11,0.1538,0,0.8462,0.549,0.0392,0.4118,0,13,0,14,5788,0
2017-11-25,24,24,0,4,3,20,13,0,0,0,16,0,0,1,0,0,1,4,16,0,14,5809,0
2017-11-26,24,24,0,2,2,20,13,0,0,0,1,0,0,1,0.25,0,0.75,2,1,0,14,5812,0
2017-11-27,24,24,0,12,3,20,13,0,1,0,10,0,0.0909,0.9091,0.3696,0.1087,0.5217,1,11,0,14,5827,0
2017-11-28,24,24,0,10,6,18,11,22,2,0,20,0.5,0.0455,0.4545,0.5484,0.1048,0.3468,5,44,0,14,5884,0
2017-11-29,24,24,0,10,6,18,10,3,4,0,17,0.125,0.1667,0.7083,0.1528,0.5,0.3472,4,24,0,14,5914,0
2017-11-30,24,24,0,16,8,18,11,5,0,0,19,0.2083,0,0.7917,0.5521,0.0521,0.3958,4,24,0,14,5941,0
2017-12-01,24,24,0,14,7,17,12,8,0,0,12,0.4,0,0.6,0.5882,0.0147,0.3971,3,20,0,14,5963,0
2017-12-02,24,24,0,7,5,16,12,0,10,0,9,0,0.5263,0.4737,0,0.5581,0.4419,3,19,0,14,5985,0
2017-12-03,24,24,0,5,3,16,12,0,2,0,9,0,0.1818,0.8182,0,0.4,0.6,3,11,0,14,5999,0
2017-12-04,24,24,0,16,11,17,15,7,5,0,29,0.1707,0.122,0.7073,0.2906,0.2137,0.4957,1,41,0,14,6043,0
2017-12-05,24,24,0,12,9,18,16,10,2,0,9,0.4762,0.0952,0.4286,0.7,0.0833,0.2167,1,21,0,14,6066,0
2017-12-06,24,24,0,11,7,18,16,2,0,0,6,0.25,0,0.75,0.4324,0.1892,0.3784,2,8,0,14,6076,0
2017-12-07,24,24,0,11,8,18,15,3,0,0,25,0.1071,0,0.8929,0.2459,0,0.7541,4,28,0,14,6108,0
2017-12-08,24,24,0,15,8,18,15,4,0,0,69,0.0548,0,0.9452,0.3548,0,0.6452,6,73,0,14,6190,0
2017-12-09,24,24,0,11,3,18,15,0,4,0,9,0,0.3077,0.6923,0.1176,0.3922,0.4902,8,13,0,14,6216,0
2017-12-10,24,24,0,9,4,19,15,0,9,0,6,0,0.6,0.4,0.0909,0.5455,0.3636,0,15,0,14,6231,0
2017-12-11,24,24,0,15,10,20,15,12,2,0,21,0.3429,0.0571,0.6,0.383,0.2199,0.3972,9,35,0,14,6285,0
2017-12-12,24,24,0,11,6,19,14,8,1,0,7,0.5,0.0625,0.4375,0.5441,0.1324,0.3235,1,16,0,14,6311,0
2017-12-13,24,24,0,11,8,19,13,3,0,0,38,0.0732,0,0.9268,0.2065,0.0217,0.7717,7,41,0,14,6361,0
2017-12-14,24,24,0,14,7,19,14,3,0,0,31,0.0882,0,0.9118,0.2614,0.0341,0.7045,4,34,0,14,6400,0
2017-12-15,24,24,0,10,3,19,13,1,0,0,0,1,0,0,0.8947,0,0.1053,2,1,0,14,6406,0
2017-12-16,24,24,0,8,1,19,14,1,0,0,0,1,0,0,1,0,0,0,1,0,14,6407,0
2017-12-17,24,24,0,6,4,19,14,0,0,0,8,0,0,1,0.3,0,0.7,1,8,0,14,6416,0
2017-12-18,24,24,0,10,7,19,13,4,0,0,2,0.6667,0,0.3333,0.8095,0,0.1905,4,6,0,14,6433,0
2017-12-19,24,24,0,10,8,18,14,6,0,0,21,0.2222,0,0.7778,0.2909,0,0.7091,3,27,0,14,6463,0
2017-12-20,24,24,0,11,6,18,13,2,0,0,12,0.1429,0,0.8571,0.38,0,0.62,4,14,0,14,6483,0
2017-12-21,24,24,0,11,6,16,13,7,0,0,26,0.2121,0,0.7879,0.3659,0,0.6341,2,33,0,14,6521,0
2017-12-22,24,24,0,12,7,16,14,8,1,0,11,0.4,0.05,0.55,0.507,0.0563,0.4366,5,20,0,14,6547,0
2017-12-23,24,24,0,2,0,16,13,0,0,0,0,0,0,0,0.6667,0.3333,0,0,0,0,14,6547,0
2017-12-24,24,24,0,1,0,17,13,0,0,0,0,0,0,0,0.6667,0,0.3333,0,0,0,14,6547,0
2017-12-25,24,24,0,7,4,17,13,0,0,0,21,0,0,1,0.1224,0.0408,0.8367,1,21,0,14,6572,0
2017-12-26,24,24,0,7,5,16,9,3,0,0,23,0.1154,0,0.8846,0.1633,0,0.8367,1,26,0,14,6600,0
2017-12-27,24,24,0,4,2,15,9,0,0,0,16,0,0,1,0,0,1,3,16,0,14,6622,0
2017-12-28,24,24,0,5,4,15,9,0,0,0,17,0,0,1,0,0.025,0.975,1,17,0,14,6644,0
2017-12-29,24,24,0,3,0,12,7,0,0,0,0,0,0,0,0.6,0,0.4,0,0,0,14,6644,0
2017-12-30,24,24,0,0,0,12,7,0,0,0,0,0,0,0,0,0,0,0,0,0,14,6644,0
2017-12-31,24,24,0,0,0,11,7,0,0,0,0,0,0,0,0,0,0,0,0,0,14,6644,0
2018-01-01,24,24,0,3,1,10,6,1,0,0,0,1,0,0,0.8333,0,0.1667,1,1,0,14,6648,0
2018-01-02,24,24,0,3,2,9,4,5,0,0,0,1,0,0,0.8571,0,0.1429,0,5,0,14,6653,0
2018-01-03,24,24,0,4,2,8,4,5,0,0,0,1,0,0,0.7778,0,0.2222,0,5,0,14,6661,0
2018-01-04,24,24,0,7,2,10,2,2,0,0,18,0.1,0,0.9,0.2368,0,0.7632,1,20,0,14,6684,0
2018-01-05,24,24,0,10,7,11,7,3,0,0,25,0.1071,0,0.8929,0.3226,0,0.6774,18,28,0,14,6736,0
2018-01-06,24,24,0,12,6,13,8,1,0,0,19,0.05,0,0.95,0.3846,0,0.6154,5,20,0,14,6764,0
2018-01-07,24,24,0,3,2,13,8,0,0,0,2,0,0,1,0.1111,0,0.8889,1,2,0,14,6767,0
2018-01-08,24,24,0,9,6,15,11,3,0,0,13,0.1875,0,0.8125,0.4348,0.0217,0.5435,0,16,0,14,6787,0
2018-01-09,24,24,0,12,7,17,12,9,0,0,2,0.8182,0,0.1818,0.8276,0,0.1724,4,11,0,14,6805,0
2018-01-10,24,24,0,14,7,17,14,7,0,0,5,0.5833,0,0.4167,0.7738,0,0.2262,7,12,0,14,6838,0
2018-01-11,24,24,0,9,7,17,14,0,0,0,31,0,0,1,0.1231,0,0.8769,5,31,0,14,6654,0
2018-01-12,24,24,0,12,2,18,15,1,0,0,1,0.5,0,0.5,0.75,0,0.25,0,2,0,14,6656,0
2018-01-13,24,24,0,0,0,17,15,0,0,0,0,0,0,0,0,0,0,0,0,0,14,6656,0
2018-01-14,24,24,0,1,0,17,14,0,0,0,0,0,0,0,0,0,1,0,0,0,14,6656,0
2018-01-15,24,24,0,10,9,18,14,1,0,0,31,0.0313,0,0.9688,0.0517,0,0.9483,3,32,0,14,6694,0
2018-01-16,24,24,0,15,10,19,14,13,0,0,29,0.3095,0,0.6905,0.4964,0,0.5036,5,42,0,14,6750,0
2018-01-17,25,25,0,12,5,19,14,2,0,0,2,0.5,0,0.5,0.6071,0,0.3929,12,4,0,14,6767,0
2018-01-18,26,26,0,11,4,20,15,0,0,0,14,0,0,1,0.3265,0,0.6735,18,14,0,14,6803,0
2018-01-19,26,26,0,12,8,20,15,14,0,0,17,0.4516,0,0.5484,0.4795,0,0.5205,6,31,0,14,6845,0
2018-01-20,26,26,0,8,2,20,15,0,0,0,5,0,0,1,0.5294,0,0.4706,0,5,0,14,6850,0
2018-01-21,26,26,0,3,2,20,15,0,0,0,1,0,0,1,0.1667,0,0.8333,2,1,0,14,6853,0
2018-01-22,26,26,0,14,9,21,14,5,0,0,24,0.1724,0,0.8276,0.4141,0,0.5859,3,29,0,14,6898,0
2018-01-23,26,26,0,12,5,20,12,1,0,0,7,0.125,0,0.875,0.3333,0,0.6667,1,8,0,14,6912,0
2018-01-24,26,26,0,12,9,21,14,0,13,0,22,0,0.3714,0.6286,0.06,0.59,0.35,8,35,0,14,6962,0
2018-01-25,26,26,0,16,5,20,13,8,3,0,1,0.6667,0.25,0.0833,0.6119,0.194,0.194,5,12,0,14,6981,0
2018-01-26,26,26,0,14,8,20,14,1,1,0,18,0.05,0.05,0.9,0.449,0.0816,0.4694,9,20,0,14,7010,0
2018-01-27,26,26,0,4,2,21,15,0,1,0,0,0,1,0,0.7,0.2,0.1,0,1,0,14,7012,0
2018-01-28,26,26,0,3,0,21,15,0,0,0,0,0,0,0,0,0.6667,0.3333,0,0,0,14,7012,0
2018-01-29,26,26,0,13,8,20,14,5,10,0,8,0.2174,0.4348,0.3478,0.4342,0.2763,0.2895,3,23,0,14,7044,0
2018-01-30,26,26,0,13,9,20,15,2,3,0,16,0.0952,0.1429,0.7619,0.25,0.1389,0.6111,12,21,0,14,7082,0
2018-01-31,26,26,0,18,7,21,15,2,0,0,32,0.0588,0,0.9412,0.287,0.0348,0.6783,2,34,0,14,7121,0
2018-02-01,26,26,0,16,14,21,16,12,0,0,39,0.2353,0,0.7647,0.4238,0.0066,0.5695,16,51,0,14,7193,0
2018-02-02,26,26,0,11,7,19,16,2,17,0,6,0.08,0.68,0.24,0.2535,0.3944,0.3521,12,25,0,14,7232,0
2018-02-03,26,26,0,3,1,20,15,0,0,0,0,0,0,0,0.2,0.6,0.2,1,0,0,14,7233,0
2018-02-04,26,26,0,2,0,20,15,0,0,0,0,0,0,0,0.6667,0,0.3333,0,0,0,14,7233,0
2018-02-05,26,26,0,9,5,20,15,0,0,0,20,0,0,1,0.1311,0.0328,0.8361,8,20,0,14,7264,0
2018-02-06,26,26,0,12,9,20,16,0,0,0,44,0,0,1,0.1927,0.0092,0.7982,13,44,0,14,7323,0
2018-02-07,26,26,0,18,8,21,17,1,0,0,15,0.0625,0,0.9375,0.4714,0,0.5286,11,16,0,14,7351,0
2018-02-08,26,26,0,13,7,21,14,6,0,0,20,0.2308,0,0.7692,0.5156,0,0.4844,2,26,0,14,7380,0
2018-02-09,26,26,0,15,7,22,14,1,0,0,12,0.0769,0,0.9231,0.463,0.0185,0.5185,4,13,0,14,7400,0
2018-02-10,26,26,0,9,4,21,15,2,0,0,24,0.0769,0,0.9231,0.4242,0,0.5758,4,26,0,14,7432,0
2018-02-11,26,26,0,12,8,21,17,4,2,0,38,0.0909,0.0455,0.8636,0.211,0.1009,0.6881,2,44,0,14,7479,0
2018-02-12,26,26,0,11,5,21,17,0,0,0,9,0,0,1,0.38,0.06,0.56,2,9,0,14,7496,0
2018-02-13,26,26,0,10,8,21,16,3,0,0,70,0.0411,0,0.9589,0.0851,0.0071,0.9078,7,73,0,14,7575,0
2018-02-14,26,26,0,14,9,20,16,9,0,0,42,0.1765,0,0.8235,0.2541,0.0082,0.7377,3,51,0,14,7632,0
2018-02-15,26,26,0,9,6,20,16,0,2,0,25,0,0.0741,0.9259,0.0845,0.1408,0.7746,4,27,0,14,7666,0
2018-02-16,26,26,0,8,6,18,14,0,5,0,15,0,0.25,0.75,0.0566,0.2453,0.6981,3,20,0,14,7691,0
2018-02-17,26,26,0,3,1,18,14,0,0,0,0,0,0,0,0.8571,0,0.1429,2,0,0,14,7693,0
2018-02-18,26,26,0,0,0,18,11,0,0,0,0,0,0,0,0,0,0,0,0,0,14,7693,0
2018-02-19,26,26,0,12,4,16,10,5,0,0,13,0.2778,0,0.7222,0.3651,0.0952,0.5397,7,18,0,14,7730,0
2018-02-20,26,26,0,9,6,16,12,5,0,0,23,0.1786,0,0.8214,0.3529,0,0.6471,8,28,0,14,7773,0
2018-02-21,26,26,0,12,6,14,12,10,0,0,17,0.3704,0,0.6296,0.5373,0.0149,0.4478,3,27,0,14,7805,0
2018-02-22,26,26,0,11,8,16,13,0,0,0,27,0,0,1,0.069,0.0172,0.9138,5,27,0,14,7837,0
2018-02-23,26,26,0,12,6,17,13,2,0,0,22,0.0833,0,0.9167,0.2714,0,0.7286,8,24,0,14,7868,0
2018-02-24,26,26,0,9,3,17,13,2,0,0,3,0.4,0,0.6,0.5,0,0.5,1,5,0,14,7876,0
2018-02-25,26,26,0,7,3,17,13,1,0,0,3,0.25,0,0.75,0.3571,0,0.6429,0,4,0,14,7880,0
2018-02-26,26,26,0,16,8,17,14,1,0,0,28,0.0345,0,0.9655,0.3578,0,0.6422,11,29,0,14,7925,0
2018-02-27,26,26,0,13,10,18,16,1,0,0,53,0.0185,0,0.9815,0.1284,0.0092,0.8624,7,54,0,14,7988,0
2018-02-28,26,26,0,17,6,20,16,4,0,0,19,0.1739,0,0.8261,0.5976,0.0366,0.3659,5,23,0,14,8021,0
2018-03-01,26,26,0,12,8,20,16,1,0,0,22,0.0435,0,0.9565,0.2258,0,0.7742,8,23,0,14,8053,0
2018-03-02,26,26,0,10,5,20,16,1,0,0,9,0.1,0,0.9,0.2414,0,0.7586,3,10,0,14,8067,0
2018-03-03,26,26,0,8,3,20,15,0,0,0,6,0,0,1,0.0909,0.4545,0.4545,1,6,0,14,8075,0
2018-03-04,26,26,0,8,5,20,14,0,6,0,14,0,0.3,0.7,0.122,0.4878,0.3902,2,20,0,14,8099,0
2018-03-05,26,26,0,12,10,19,14,1,3,0,39,0.0233,0.0698,0.907,0.0989,0.1868,0.7143,7,43,0,14,8161,0
2018-03-06,26,26,0,10,5,18,14,0,0,0,13,0,0,1,0.1471,0.0294,0.8235,2,13,0,14,8178,0
2018-03-07,26,26,0,13,8,19,15,9,0,0,16,0.36,0,0.64,0.5918,0,0.4082,11,25,0,14,8217,0
2018-03-08,26,26,0,15,10,19,16,2,0,0,35,0.0541,0,0.9459,0.2308,0.011,0.7582,8,37,0,14,8262,0
2018-03-09,26,26,0,12,10,18,15,0,0,0,37,0,0,1,0.0886,0,0.9114,5,37,0,14,8304,0
2018-03-10,26,26,0,4,2,18,15,0,0,0,2,0,0,1,0.4286,0.1429,0.4286,0,2,0,14,8306,0
2018-03-11,26,26,0,3,3,18,15,0,0,0,3,0,0,1,0,0,1,0,3,0,14,8309,0
2018-03-12,26,26,0,13,7,18,16,12,0,0,16,0.4286,0,0.5714,0.5238,0,0.4762,5,28,0,14,8347,0
2018-03-13,26,26,0,12,6,18,16,2,0,0,21,0.087,0,0.913,0.4304,0,0.5696,6,23,0,15,8381,0
2018-03-14,26,26,0,13,7,18,16,3,0,0,14,0.1765,0,0.8235,0.4242,0,0.5758,4,17,0,15,8405,0
2018-03-15,26,26,0,14,11,18,15,17,0,0,14,0.5484,0,0.4516,0.4831,0.0337,0.4831,2,31,0,15,8449,0
2018-03-16,26,26,0,14,7,19,15,1,0,0,24,0.04,0,0.96,0.4643,0,0.5357,5,25,0,15,8484,0
2018-03-17,26,26,0,10,9,19,17,7,0,0,23,0.2333,0,0.7667,0.1622,0,0.8378,6,30,0,15,8520,0
2018-03-18,26,26,0,4,0,19,17,0,0,0,0,0,0,0,0.5,0,0.5,0,0,0,15,8520,0
2018-03-19,26,26,0,13,7,19,17,1,0,0,10,0.0909,0,0.9091,0.52,0.02,0.46,5,11,0,15,8544,0
2018-03-20,26,26,0,15,9,20,16,3,0,0,23,0.1154,0,0.8846,0.4824,0.0118,0.5059,2,26,0,15,8574,0
2018-03-21,26,26,0,13,10,20,17,2,3,0,22,0.0741,0.1111,0.8148,0.1791,0.2985,0.5224,2,27,0,15,8604,0
2018-03-22,26,26,0,17,13,20,18,14,0,0,118,0.1061,0,0.8939,0.3067,0.0133,0.68,12,132,0,15,8758,0
2018-03-23,26,26,0,16,11,20,18,3,2,0,66,0.0423,0.0282,0.9296,0.2547,0.1056,0.6398,6,71,0,15,8841,0
2018-03-24,26,26,0,9,2,20,18,0,0,0,3,0,0,1,0.4444,0.1667,0.3889,0,3,0,15,8844,0
2018-03-25,26,26,0,5,0,20,18,0,0,0,0,0,0,0,0.6667,0.1111,0.2222,0,0,0,15,8844,0
2018-03-26,26,26,0,18,11,20,18,3,0,0,48,0.0588,0,0.9412,0.2381,0.0068,0.7551,12,51,0,15,8914,0
2018-03-27,26,26,0,17,12,19,18,5,2,0,24,0.1613,0.0645,0.7742,0.4255,0.1418,0.4326,8,31,0,15,8961,0
2018-03-28,26,26,0,16,13,19,18,6,1,0,49,0.1071,0.0179,0.875,0.2395,0.0359,0.7246,39,56,0,15,9058,0
2018-03-29,26,26,0,19,10,19,17,6,1,0,47,0.1111,0.0185,0.8704,0.2782,0.0075,0.7143,7,54,0,15,9125,0
2018-03-30,26,26,0,14,10,19,15,3,0,0,31,0.0882,0,0.9118,0.3772,0.0088,0.614,9,34,0,15,9176,0
2018-03-31,26,26,0,6,3,19,15,1,0,0,3,0.25,0,0.75,0.5833,0,0.4167,0,4,0,15,9180,0
2018-04-01,26,26,0,11,6,19,15,9,6,0,21,0.25,0.1667,0.5833,0.3553,0.2237,0.4211,5,36,0,15,9221,0
2018-04-02,26,26,0,16,11,19,16,3,5,0,28,0.0833,0.1389,0.7778,0.2549,0.1667,0.5784,6,36,0,15,9275,0
2018-04-03,26,26,0,16,15,20,18,3,6,0,61,0.0429,0.0857,0.8714,0.1942,0.0216,0.7842,12,70,0,15,9362,0
2018-04-04,26,26,0,17,11,20,18,8,0,0,18,0.3077,0,0.6923,0.4,0.0133,0.5867,4,26,0,15,9397,0
2018-04-05,26,26,0,15,9,18,17,0,17,0,16,0,0.5152,0.4848,0.2326,0.1395,0.6279,0,33,0,15,9431,0
2018-04-06,26,26,0,13,9,18,17,3,0,0,27,0.1,0,0.9,0.2958,0.0141,0.6901,6,30,0,15,9469,0
2018-04-07,26,26,0,10,6,18,17,1,0,0,14,0.0667,0,0.9333,0.3261,0.0652,0.6087,0,15,0,15,9488,0
2018-04-08,26,26,0,9,7,18,17,2,0,0,23,0.08,0,0.92,0.0938,0,0.9063,3,25,0,15,9516,0
2018-04-09,26,26,0,13,9,18,17,1,2,0,32,0.0286,0.0571,0.9143,0.1159,0.0725,0.8116,7,35,0,15,9560,0
2018-04-10,26,26,0,11,7,18,16,2,9,0,8,0.1053,0.4737,0.4211,0.1429,0.2143,0.6429,3,19,0,15,9582,0
2018-04-11,26,26,0,12,9,17,14,5,1,0,37,0.1163,0.0233,0.8605,0.1869,0.0093,0.8037,16,43,0,15,9643,0
2018-04-12,26,26,0,10,10,16,14,0,0,0,14,0,0,1,0.2093,0,0.7907,12,14,0,15,9669,0
2018-04-13,26,26,0,13,10,16,14,10,0,0,45,0.1818,0,0.8182,0.3621,0,0.6379,9,55,0,15,9735,0
2018-04-14,26,26,0,14,9,17,16,2,0,0,17,0.1053,0,0.8947,0.3846,0,0.6154,1,19,0,15,9754,0
2018-04-15,26,26,0,6,2,17,16,0,0,0,13,0,0,1,0.1875,0,0.8125,6,13,0,15,9773,0
2018-04-16,26,26,0,14,13,17,15,5,0,0,48,0.0943,0,0.9057,0.2635,0,0.7365,18,53,0,15,9852,0
2018-04-17,26,26,0,16,9,17,15,0,9,0,42,0,0.1765,0.8235,0.1656,0.2209,0.6135,20,51,0,15,9925,0
2018-04-18,26,26,0,15,10,18,15,5,6,0,35,0.1087,0.1304,0.7609,0.2205,0.126,0.6535,11,46,0,15,9987,0
2018-04-19,26,26,0,11,9,18,15,1,5,0,26,0.0313,0.1563,0.8125,0.0575,0.2644,0.6782,12,32,0,15,10033,0
2018-04-20,26,26,0,18,14,18,15,3,14,0,43,0.05,0.2333,0.7167,0.1646,0.2439,0.5915,32,60,0,15,10127,0
2018-04-21,26,26,0,7,6,18,15,1,0,0,19,0.05,0,0.95,0.0652,0.0217,0.913,5,20,0,15,10152,0
2018-04-22,26,26,0,13,8,18,15,5,7,0,9,0.2381,0.3333,0.4286,0.4805,0.2597,0.2597,4,21,0,15,10182,0
2018-04-23,26,26,0,15,13,18,16,9,1,0,42,0.1731,0.0192,0.8077,0.1759,0.1204,0.7037,4,52,0,15,10242,0
2018-04-24,26,26,0,16,8,18,16,4,0,0,25,0.1379,0,0.8621,0.4545,0.0455,0.5,12,29,0,15,10289,0
2018-04-25,26,26,0,14,9,19,16,0,3,0,42,0,0.0667,0.9333,0.3154,0.0231,0.6615,7,45,0,15,10379,0
2018-04-26,26,26,0,15,12,19,17,0,1,0,24,0,0.04,0.96,0.2125,0.05,0.7375,13,25,0,15,10417,0
2018-04-27,26,26,0,12,11,18,16,2,0,0,30,0.0625,0,0.9375,0.2747,0,0.7253,6,32,0,15,10468,0
2018-04-28,26,26,0,16,10,19,16,17,0,0,31,0.3542,0,0.6458,0.518,0,0.482,1,48,0,15,10517,0
2018-04-29,26,26,0,16,10,19,16,7,6,0,19,0.2188,0.1875,0.5938,0.5508,0.0508,0.3983,10,32,0,15,10561,0
2018-04-30,26,26,0,20,10,20,16,4,0,0,66,0.0571,0,0.9429,0.321,0.0123,0.6667,5,70,0,15,10646,0
2018-05-01,26,26,0,17,12,20,17,2,0,0,40,0.0476,0,0.9524,0.3478,0,0.6522,10,42,0,15,10706,0
2018-05-02,26,26,0,13,9,20,17,1,5,0,83,0.0112,0.0562,0.9326,0.1462,0.0468,0.807,6,89,0,15,10803,0
2018-05-03,26,26,0,17,15,20,18,18,6,0,29,0.3396,0.1132,0.5472,0.4674,0.1087,0.4239,24,53,0,15,10884,0
2018-05-04,26,26,0,19,12,20,19,2,3,0,19,0.0833,0.125,0.7917,0.4787,0.1064,0.4149,2,24,0,15,10912,0
2018-05-05,26,26,0,18,10,20,18,29,0,0,31,0.4833,0,0.5167,0.6625,0.0188,0.3188,4,60,0,15,10986,0
2018-05-06,26,26,0,15,11,20,18,13,2,0,27,0.3095,0.0476,0.6429,0.4068,0.0508,0.5424,10,42,0,15,11046,0
2018-05-07,26,26,0,17,14,19,18,29,4,0,24,0.5088,0.0702,0.4211,0.645,0.0977,0.2573,23,57,0,15,11154,0
2018-05-08,26,26,0,18,15,19,18,10,13,0,63,0.1163,0.1512,0.7326,0.3971,0.1264,0.4765,8,86,0,15,11257,0
2018-05-09,26,26,0,18,15,20,19,7,11,0,98,0.0603,0.0948,0.8448,0.2276,0.0935,0.6789,15,116,0,15,11407,0
2018-05-10,26,26,0,17,14,20,19,23,2,0,52,0.2987,0.026,0.6753,0.3739,0.0946,0.5315,11,77,0,15,11519,0
2018-05-11,26,26,0,19,14,20,20,14,16,0,32,0.2258,0.2581,0.5161,0.4225,0.1818,0.3957,10,62,0,15,11597,0
2018-05-12,26,26,0,18,11,21,21,13,0,0,21,0.3824,0,0.6176,0.5227,0,0.4773,3,34,0,15,11639,0
2018-05-13,26,26,0,17,10,21,21,16,0,0,35,0.3137,0,0.6863,0.5688,0.0092,0.422,2,51,0,15,11698,0
2018-05-14,26,26,0,17,13,21,21,15,6,0,188,0.0718,0.0287,0.8995,0.2186,0.0606,0.7208,19,209,0,15,11950,0
2018-05-15,26,26,0,19,12,22,21,19,0,0,49,0.2794,0,0.7206,0.5826,0.0087,0.4087,12,68,0,15,12039,0
2018-05-16,26,26,0,17,13,22,19,19,4,0,98,0.157,0.0331,0.8099,0.3473,0.0719,0.5808,20,121,0,17,12190,0
2018-05-17,26,26,0,20,17,22,19,23,6,0,48,0.2987,0.0779,0.6234,0.4766,0.0894,0.434,4,77,0,17,12287,0
2018-05-18,26,26,0,18,13,22,19,18,1,0,61,0.225,0.0125,0.7625,0.4171,0.0107,0.5722,3,80,0,17,12383,0
2018-05-19,26,26,0,11,5,21,18,0,0,0,54,0,0,1,0.0367,0.0183,0.945,2,54,0,17,12441,0
2018-05-20,26,26,0,8,4,21,18,0,0,0,6,0,0,1,0.1739,0.0435,0.7826,3,6,0,17,12451,0
2018-05-21,26,26,0,18,14,21,18,8,1,0,83,0.087,0.0109,0.9022,0.2639,0.0558,0.6803,29,92,0,17,12611,0
2018-05-22,26,26,0,19,12,20,18,25,0,0,128,0.1634,0,0.8366,0.4433,0.0077,0.549,14,153,0,17,12797,0
2018-05-23,26,26,0,17,12,20,18,14,0,0,29,0.3256,0,0.6744,0.5425,0,0.4575,20,43,0,17,12870,0
2018-05-24,28,28,0,20,10,22,18,11,0,0,35,0.2391,0,0.7609,0.5867,0,0.4133,4,46,0,18,12932,0
2018-05-25,28,28,0,15,12,22,17,8,0,0,30,0.2105,0,0.7895,0.4206,0.0093,0.5701,5,38,0,18,12979,0
2018-05-26,28,28,0,4,0,22,17,0,0,0,0,0,0,0,0.3333,0,0.6667,0,0,0,18,12979,0
2018-05-27,28,28,0,3,2,22,17,0,0,0,14,0,0,1,0.0385,0,0.9615,0,14,0,18,12993,0
2018-05-28,28,28,0,20,12,22,15,11,0,0,38,0.2245,0,0.7755,0.4748,0,0.5252,9,49,0,18,13065,0
2018-05-29,28,28,0,21,14,22,15,17,0,0,96,0.1504,0,0.8496,0.3557,0,0.6443,11,113,0,18,13199,0
2018-05-30,28,28,0,18,11,23,16,10,0,0,43,0.1887,0,0.8113,0.3873,0,0.6127,7,53,0,18,13275,0
2018-05-31,29,29,0,20,8,24,16,9,3,0,4,0.5625,0.1875,0.25,0.6327,0.102,0.2653,8,16,0,18,13304,0
2018-06-01,29,29,0,15,11,24,17,7,2,0,59,0.1029,0.0294,0.8676,0.2138,0.0755,0.7107,12,68,0,18,13386,0
2018-06-02,30,30,0,15,9,24,18,5,3,0,18,0.1923,0.1154,0.6923,0.25,0.2143,0.5357,8,26,0,18,13423,0
2018-06-03,30,30,0,19,11,25,18,16,1,0,21,0.4211,0.0263,0.5526,0.5341,0.0227,0.4432,1,38,0,18,13462,0
2018-06-04,30,30,0,19,12,24,18,15,0,0,21,0.4167,0,0.5833,0.6549,0,0.3451,9,36,0,18,13509,0
2018-06-05,30,30,0,19,13,23,18,30,0,0,43,0.411,0,0.589,0.6938,0,0.3062,12,73,0,18,13597,0
2018-06-06,30,30,0,20,14,22,18,18,0,0,30,0.375,0,0.625,0.6154,0,0.3846,4,48,0,18,13649,0
2018-06-07,30,30,0,16,13,22,18,25,0,0,55,0.3125,0,0.6875,0.3907,0.014,0.5953,29,80,0,18,13763,0
2018-06-08,30,30,0,20,12,21,18,6,0,0,22,0.2143,0,0.7857,0.6579,0,0.3421,25,28,0,18,13823,0
2018-06-09,30,30,0,9,6,21,18,0,0,0,33,0,0,1,0.0179,0,0.9821,1,33,0,18,13857,0
2018-06-10,30,30,0,13,7,21,18,6,0,0,33,0.1538,0,0.8462,0.2333,0,0.7667,2,39,0,18,13897,0
2018-06-11,30,30,0,20,13,22,18,16,4,0,108,0.125,0.0313,0.8438,0.3147,0.0991,0.5862,9,128,0,18,14045,0
2018-06-12,30,30,0,20,12,22,18,5,0,0,39,0.1136,0,0.8864,0.4661,0.0169,0.5169,4,44,0,18,14098,0
2018-06-13,30,30,0,20,15,22,17,0,0,0,84,0,0,1,0.2529,0.0057,0.7414,12,84,0,18,14201,0
2018-06-14,30,30,0,17,14,22,17,13,0,0,50,0.2063,0,0.7937,0.2794,0,0.7206,12,63,0,18,14282,0
2018-06-15,30,30,0,21,13,23,18,11,0,0,83,0.117,0,0.883,0.3541,0.0048,0.6411,13,94,0,18,14396,0
2018-06-16,30,30,0,20,9,23,19,13,0,0,50,0.2063,0,0.7937,0.4656,0,0.5344,0,63,0,18,14463,0
2018-06-17,30,30,0,17,10,23,19,16,0,0,35,0.3137,0,0.6863,0.5126,0.0084,0.479,2,51,0,18,14518,0
2018-06-18,30,30,0,21,13,23,19,15,0,0,71,0.1744,0,0.8256,0.516,0,0.484,10,86,0,18,14621,0
2018-06-19,30,30,0,22,14,24,20,25,0,0,28,0.4717,0,0.5283,0.7206,0,0.2794,11,53,0,19,3836,0
2018-06-20,30,30,0,24,18,25,22,18,0,0,78,0.1875,0,0.8125,0.4902,0,0.5098,3,96,0,19,14791,0
2018-06-21,30,30,0,22,18,25,23,25,0,0,59,0.2976,0,0.7024,0.5411,0.026,0.4329,28,84,0,19,14912,0
2018-06-22,30,30,0,22,17,25,23,19,1,0,80,0.19,0.01,0.8,0.5496,0.0496,0.4008,8,100,0,19,15025,0
2018-06-23,30,30,0,18,8,25,23,5,0,0,22,0.1852,0,0.8148,0.5541,0,0.4459,5,27,0,19,15057,0
2018-06-24,30,30,0,14,6,25,23,1,0,0,5,0.1667,0,0.8333,0.5,0.0357,0.4643,2,6,0,19,15065,0
2018-06-25,30,30,0,22,15,25,23,31,0,0,101,0.2348,0,0.7652,0.5455,0,0.4545,16,132,0,19,15222,0
2018-06-26,30,30,0,23,19,24,22,47,0,0,71,0.3983,0,0.6017,0.6648,0,0.3352,17,118,0,19,15374,0
2018-06-27,30,30,0,23,15,23,22,15,0,0,48,0.2381,0,0.7619,0.5686,0,0.4314,8,63,0,19,15460,0
2018-06-28,30,30,0,22,17,23,22,38,0,0,62,0.38,0,0.62,0.5765,0.0036,0.4199,17,100,0,19,15583,0
2018-06-29,30,30,0,22,17,23,22,32,0,0,165,0.1624,0,0.8376,0.4235,0.0029,0.5735,18,197,0,19,15805,0
2018-06-30,30,30,0,18,15,23,21,27,0,0,105,0.2045,0,0.7955,0.4573,0,0.5427,13,132,0,19,15961,0
2018-07-01,30,30,0,15,11,23,21,27,0,0,44,0.3803,0,0.6197,0.3594,0,0.6406,2,71,0,19,16043,0
2018-07-02,30,30,0,20,16,23,21,53,0,0,140,0.2746,0,0.7254,0.5755,0,0.4245,9,193,0,19,16249,0
2018-07-03,30,30,0,21,13,23,20,33,0,0,113,0.226,0,0.774,0.4449,0,0.5551,15,146,0,19,16422,0
2018-07-04,30,30,0,20,17,22,21,39,0,0,127,0.2349,0,0.7651,0.5447,0,0.4553,14,166,0,19,16606,0
2018-07-05,30,30,0,19,14,22,21,18,0,0,147,0.1091,0,0.8909,0.3506,0,0.6494,15,165,0,19,16797,0
2018-07-06,30,30,0,20,15,22,20,47,0,0,161,0.226,0,0.774,0.4642,0,0.5358,12,208,0,19,17027,0
2018-07-07,30,30,0,20,15,22,19,86,0,0,101,0.4599,0,0.5401,0.5312,0,0.4688,7,187,0,19,17232,0
2018-07-08,30,30,0,19,15,22,19,94,0,0,87,0.5193,0,0.4807,0.6147,0,0.3853,9,181,0,19,17443,0
2018-07-09,30,30,0,20,15,22,19,72,0,0,325,0.1814,0,0.8186,0.4107,0,0.5893,5,397,0,19,17864,0
2018-07-10,30,30,0,19,15,21,19,42,0,0,52,0.4468,0,0.5532,0.6914,0,0.3086,7,94,0,20,17966,0
2018-07-11,30,30,0,19,13,21,19,11,0,0,36,0.234,0,0.766,0.6531,0,0.3469,4,47,0,20,18022,0
2018-07-12,30,30,0,21,16,22,21,20,0,0,84,0.1923,0,0.8077,0.3721,0,0.6279,5,104,0,20,18130,0
2018-07-13,30,30,0,20,12,22,21,10,0,0,46,0.1786,0,0.8214,0.4474,0,0.5526,16,56,0,20,18205,0
2018-07-14,30,30,0,4,2,22,21,0,0,0,10,0,0,1,0.2308,0,0.7692,0,10,0,20,18215,0
2018-07-15,30,30,0,3,0,22,20,0,0,0,0,0,0,0,0.2857,0,0.7143,0,0,0,20,18215,0
2018-07-16,30,30,0,7,4,21,20,0,0,0,5,0,0,1,0.3077,0,0.6923,1,5,0,20,18224,0
2018-07-17,30,30,0,19,9,22,20,6,0,0,8,0.4286,0,0.5714,0.6563,0,0.3438,2,14,0,20,18242,0
2018-07-18,30,30,0,19,13,22,20,4,0,0,29,0.1212,0,0.8788,0.5741,0,0.4259,4,33,0,20,18281,0
2018-07-19,30,30,0,18,8,22,15,1,0,0,8,0.1111,0,0.8889,0.6962,0,0.3038,8,9,0,20,18300,0
2018-07-20,30,30,0,20,11,23,14,3,0,0,67,0.0429,0,0.9571,0.3772,0,0.6228,24,70,0,20,18395,0
2018-07-21,30,30,0,18,12,23,16,37,0,0,81,0.3136,0,0.6864,0.5927,0,0.4073,4,118,0,20,18517,0
2018-07-22,30,30,0,18,8,23,16,2,0,0,22,0.0833,0,0.9167,0.4706,0,0.5294,2,24,0,20,18543,0
2018-07-23,30,30,0,22,12,23,16,13,0,0,85,0.1327,0,0.8673,0.4635,0,0.5365,17,98,0,20,18662,0
2018-07-24,30,30,0,22,12,23,17,6,0,0,29,0.1714,0,0.8286,0.4891,0,0.5109,1,35,0,20,18697,0
2018-07-25,30,30,0,20,12,23,17,2,0,0,21,0.087,0,0.913,0.4203,0,0.5797,4,23,0,20,18724,0
2018-07-26,30,30,0,21,10,23,17,12,0,0,78,0.1333,0,0.8667,0.3598,0,0.6402,0,90,0,20,18815,0
2018-07-27,30,30,0,19,9,22,18,5,0,0,59,0.0781,0,0.9219,0.36,0,0.64,0,64,0,20,18878,0
2018-07-28,30,30,0,8,2,22,18,0,0,0,17,0,0,1,0.3913,0,0.6087,0,17,0,20,18895,0
2018-07-29,30,30,0,21,10,22,18,23,0,0,33,0.4107,0,0.5893,0.6694,0,0.3306,1,56,0,20,18953,0
2018-07-30,30,30,0,14,8,22,18,0,0,0,55,0,0,1,0.1284,0,0.8716,25,55,0,20,19034,0
2018-07-31,30,30,0,11,10,21,17,2,0,0,18,0.1,0,0.9,0.1364,0,0.8636,12,20,0,20,19065,0
